,external_urls,followers,genres,href,id,images,name,popularity,type,uri
0,{'spotify': 'https://open.spotify.com/artist/2vI9KFm0fwSfPrpEgOeIbq'},"{'href': None, 'total': 163506}","['contemporary jazz', 'contemporary post-bop', 'cool jazz', 'jazz', 'jazz fusion', 'jazz piano', 'modern jazz piano']",https://api.spotify.com/v1/artists/2vI9KFm0fwSfPrpEgOeIbq,2vI9KFm0fwSfPrpEgOeIbq,"[{'height': 1000, 'url': 'https://i.scdn.co/image/317f1b374019ff179b7bc5e9b2748b4bfc79d372', 'width': 1000}, {'height': 640, 'url': 'https://i.scdn.co/image/304c747b93b032e4e516cb52016ce86bf8fe466c', 'width': 640}, {'height': 200, 'url': 'https://i.scdn.co/image/eb59d58c54a9a1c9fb75dc969ec821cfd19af256', 'width': 200}, {'height': 64, 'url': 'https://i.scdn.co/image/0984bc18f78db40d56df6632b2ae490ac0bdef6e', 'width': 64}]",Brad Mehldau,55,artist,spotify:artist:2vI9KFm0fwSfPrpEgOeIbq
1,{'spotify': 'https://open.spotify.com/artist/3AA28KZvwAUcZuOKwyblJQ'},"{'href': None, 'total': 7647678}",['alternative hip hop'],https://api.spotify.com/v1/artists/3AA28KZvwAUcZuOKwyblJQ,3AA28KZvwAUcZuOKwyblJQ,"[{'height': 640, 'url': 'https://i.scdn.co/image/ab6761610000e5ebe9de8fae8eacbcff097dc818', 'width': 640}, {'height': 320, 'url': 'https://i.scdn.co/image/ab67616100005174e9de8fae8eacbcff097dc818', 'width': 320}, {'height': 160, 'url': 'https://i.scdn.co/image/ab6761610000f178e9de8fae8eacbcff097dc818', 'width': 160}]",Gorillaz,82,artist,spotify:artist:3AA28KZvwAUcZuOKwyblJQ
2,{'spotify': 'https://open.spotify.com/artist/253GMpCNwx1TJtASNAeDoP'},"{'href': None, 'total': 51014}","['contemporary jazz', 'contemporary post-bop', 'jazz', 'jazz fusion', 'jazz guitar']",https://api.spotify.com/v1/artists/253GMpCNwx1TJtASNAeDoP,253GMpCNwx1TJtASNAeDoP,"[{'height': 265, 'url': 'https://i.scdn.co/image/44a19cd461789fa79d9594214d22ceea58462a22', 'width': 400}, {'height': 133, 'url': 'https://i.scdn.co/image/2b4a335c381292104e75b4ab12b9629574053b14', 'width': 200}, {'height': 42, 'url': 'https://i.scdn.co/image/5bfd5052a23fbb432523548fa619620dc92265f1', 'width': 63}]",Kurt Rosenwinkel,41,artist,spotify:artist:253GMpCNwx1TJtASNAeDoP
3,{'spotify': 'https://open.spotify.com/artist/4tZwfgrHOc3mvqYlEYSvVi'},"{'href': None, 'total': 8288372}","['electro', 'filter house']",https://api.spotify.com/v1/artists/4tZwfgrHOc3mvqYlEYSvVi,4tZwfgrHOc3mvqYlEYSvVi,"[{'height': 640, 'url': 'https://i.scdn.co/image/ab6761610000e5ebca77d763703a93930c363a39', 'width': 640}, {'height': 320, 'url': 'https://i.scdn.co/image/ab67616100005174ca77d763703a93930c363a39', 'width': 320}, {'height': 160, 'url': 'https://i.scdn.co/image/ab6761610000f178ca77d763703a93930c363a39', 'width': 160}]",Daft Punk,82,artist,spotify:artist:4tZwfgrHOc3mvqYlEYSvVi
4,{'spotify': 'https://open.spotify.com/artist/26XwWqwNq8FMgZEKqqdU9b'},"{'href': None, 'total': 9998}","['contemporary jazz', 'jazz']",https://api.spotify.com/v1/artists/26XwWqwNq8FMgZEKqqdU9b,26XwWqwNq8FMgZEKqqdU9b,"[{'height': 640, 'url': 'https://i.scdn.co/image/ab6761610000e5eb19030422c459adb1b9570ad6', 'width': 640}, {'height': 320, 'url': 'https://i.scdn.co/image/ab6761610000517419030422c459adb1b9570ad6', 'width': 320}, {'height': 160, 'url': 'https://i.scdn.co/image/ab6761610000f17819030422c459adb1b9570ad6', 'width': 160}]",Walter Smith III,31,artist,spotify:artist:26XwWqwNq8FMgZEKqqdU9b
5,{'spotify': 'https://open.spotify.com/artist/0bBrsS9ufPAmeFQgDNG54O'},"{'href': None, 'total': 24311}",['bedroom soul'],https://api.spotify.com/v1/artists/0bBrsS9ufPAmeFQgDNG54O,0bBrsS9ufPAmeFQgDNG54O,"[{'height': 640, 'url': 'https://i.scdn.co/image/ab6761610000e5eb0b8edfcceddaf5889299daf8', 'width': 640}, {'height': 320, 'url': 'https://i.scdn.co/image/ab676161000051740b8edfcceddaf5889299daf8', 'width': 320}, {'height': 160, 'url': 'https://i.scdn.co/image/ab6761610000f1780b8edfcceddaf5889299daf8', 'width': 160}]",cehryl,42,artist,spotify:artist:0bBrsS9ufPAmeFQgDNG54O
6,{'spotify': 'https://open.spotify.com/artist/5szMuuBbDzULkagWIfI5LG'},"{'href': None, 'total': 5436}",[],https://api.spotify.com/v1/artists/5szMuuBbDzULkagWIfI5LG,5szMuuBbDzULkagWIfI5LG,"[{'height': 640, 'url': 'https://i.scdn.co/image/ab6761610000e5ebda1f0478ee58884ad51dc29a', 'width': 640}, {'height': 320, 'url': 'https://i.scdn.co/image/ab67616100005174da1f0478ee58884ad51dc29a', 'width': 320}, {'height': 160, 'url': 'https://i.scdn.co/image/ab6761610000f178da1f0478ee58884ad51dc29a', 'width': 160}]",Immanuel Wilkins,37,artist,spotify:artist:5szMuuBbDzULkagWIfI5LG
7,{'spotify': 'https://open.spotify.com/artist/2TSuAchdgVzsAa9wDK1IeT'},"{'href': None, 'total': 69820}","['contemporary jazz', 'jazz', 'jazz fusion', 'jazz guitar']",https://api.spotify.com/v1/artists/2TSuAchdgVzsAa9wDK1IeT,2TSuAchdgVzsAa9wDK1IeT,"[{'height': 640, 'url': 'https://i.scdn.co/image/ab6761610000e5ebecaa49a4b4168ea8829663e1', 'width': 640}, {'height': 320, 'url': 'https://i.scdn.co/image/ab67616100005174ecaa49a4b4168ea8829663e1', 'width': 320}, {'height': 160, 'url': 'https://i.scdn.co/image/ab6761610000f178ecaa49a4b4168ea8829663e1', 'width': 160}]",Julian Lage,48,artist,spotify:artist:2TSuAchdgVzsAa9wDK1IeT
8,{'spotify': 'https://open.spotify.com/artist/1P6Llrp12ldpVbyC8gCHBz'},"{'href': None, 'total': 15012}","['contemporary jazz', 'jazz', 'jazz drums', 'straight-ahead jazz']",https://api.spotify.com/v1/artists/1P6Llrp12ldpVbyC8gCHBz,1P6Llrp12ldpVbyC8gCHBz,"[{'height': 640, 'url': 'https://i.scdn.co/image/ab6761610000e5ebb64c95c4c8cb93f95c41894b', 'width': 640}, {'height': 320, 'url': 'https://i.scdn.co/image/ab67616100005174b64c95c4c8cb93f95c41894b', 'width': 320}, {'height': 160, 'url': 'https://i.scdn.co/image/ab6761610000f178b64c95c4c8cb93f95c41894b', 'width': 160}]",Ari Hoenig,39,artist,spotify:artist:1P6Llrp12ldpVbyC8gCHBz
9,{'spotify': 'https://open.spotify.com/artist/0hEurMDQu99nJRq8pTxO14'},"{'href': None, 'total': 5267099}","['neo mellow', 'pop rock', 'singer-songwriter']",https://api.spotify.com/v1/artists/0hEurMDQu99nJRq8pTxO14,0hEurMDQu99nJRq8pTxO14,"[{'height': 640, 'url': 'https://i.scdn.co/image/ab6761610000e5eb265ef5547ecff4dabd6352bf', 'width': 640}, {'height': 320, 'url': 'https://i.scdn.co/image/ab67616100005174265ef5547ecff4dabd6352bf', 'width': 320}, {'height': 160, 'url': 'https://i.scdn.co/image/ab6761610000f178265ef5547ecff4dabd6352bf', 'width': 160}]",John Mayer,82,artist,spotify:artist:0hEurMDQu99nJRq8pTxO14
10,{'spotify': 'https://open.spotify.com/artist/0D3h8NZqNp7BN97JwtV6eW'},"{'href': None, 'total': 111353}","['contemporary jazz', 'jazz', 'jazz piano', 'modern jazz piano']",https://api.spotify.com/v1/artists/0D3h8NZqNp7BN97JwtV6eW,0D3h8NZqNp7BN97JwtV6eW,"[{'height': 640, 'url': 'https://i.scdn.co/image/ab6761610000e5ebed2cc0c420f796a4601e3661', 'width': 640}, {'height': 320, 'url': 'https://i.scdn.co/image/ab67616100005174ed2cc0c420f796a4601e3661', 'width': 320}, {'height': 160, 'url': 'https://i.scdn.co/image/ab6761610000f178ed2cc0c420f796a4601e3661', 'width': 160}]",Tigran Hamasyan,45,artist,spotify:artist:0D3h8NZqNp7BN97JwtV6eW
11,{'spotify': 'https://open.spotify.com/artist/0ctjXj4AKsMtj6Tsm0JzSj'},"{'href': None, 'total': 19807}","['contemporary jazz', 'ecm-style jazz', 'israeli jazz']",https://api.spotify.com/v1/artists/0ctjXj4AKsMtj6Tsm0JzSj,0ctjXj4AKsMtj6Tsm0JzSj,"[{'height': 640, 'url': 'https://i.scdn.co/image/ab6761610000e5ebf9ed1cbe65f79bab6aa20243', 'width': 640}, {'height': 320, 'url': 'https://i.scdn.co/image/ab67616100005174f9ed1cbe65f79bab6aa20243', 'width': 320}, {'height': 160, 'url': 'https://i.scdn.co/image/ab6761610000f178f9ed1cbe65f79bab6aa20243', 'width': 160}]",Shai Maestro,34,artist,spotify:artist:0ctjXj4AKsMtj6Tsm0JzSj
12,{'spotify': 'https://open.spotify.com/artist/4ai53dgSBGhQwcFtGyY1bF'},"{'href': None, 'total': 36974}","['contemporary jazz', 'indie jazz', 'jazz', 'jazz trumpet']",https://api.spotify.com/v1/artists/4ai53dgSBGhQwcFtGyY1bF,4ai53dgSBGhQwcFtGyY1bF,"[{'height': 640, 'url': 'https://i.scdn.co/image/ab6761610000e5eb170e216d777b3fe896f0753f', 'width': 640}, {'height': 320, 'url': 'https://i.scdn.co/image/ab67616100005174170e216d777b3fe896f0753f', 'width': 320}, {'height': 160, 'url': 'https://i.scdn.co/image/ab6761610000f178170e216d777b3fe896f0753f', 'width': 160}]",Ambrose Akinmusire,37,artist,spotify:artist:4ai53dgSBGhQwcFtGyY1bF
13,{'spotify': 'https://open.spotify.com/artist/5sQJzc7ZGwC4olbhp2kqqX'},"{'href': None, 'total': 49752}","['contemporary jazz', 'cool jazz', 'jazz', 'jazz fusion', 'jazz trio', 'modern jazz trio']",https://api.spotify.com/v1/artists/5sQJzc7ZGwC4olbhp2kqqX,5sQJzc7ZGwC4olbhp2kqqX,"[{'height': 640, 'url': 'https://i.scdn.co/image/ab6761610000e5eb5feee839d03a42ba0ef98fd6', 'width': 640}, {'height': 320, 'url': 'https://i.scdn.co/image/ab676161000051745feee839d03a42ba0ef98fd6', 'width': 320}, {'height': 160, 'url': 'https://i.scdn.co/image/ab6761610000f1785feee839d03a42ba0ef98fd6', 'width': 160}]",Brad Mehldau Trio,45,artist,spotify:artist:5sQJzc7ZGwC4olbhp2kqqX
14,{'spotify': 'https://open.spotify.com/artist/6cM1vbrKTztN2uNjH8ub6F'},"{'href': None, 'total': 4023}",[],https://api.spotify.com/v1/artists/6cM1vbrKTztN2uNjH8ub6F,6cM1vbrKTztN2uNjH8ub6F,"[{'height': 640, 'url': 'https://i.scdn.co/image/ab6761610000e5eb5d8d52389cc2d4aa48d2906d', 'width': 640}, {'height': 320, 'url': 'https://i.scdn.co/image/ab676161000051745d8d52389cc2d4aa48d2906d', 'width': 320}, {'height': 160, 'url': 'https://i.scdn.co/image/ab6761610000f1785d8d52389cc2d4aa48d2906d', 'width': 160}]",Jacob Mann,28,artist,spotify:artist:6cM1vbrKTztN2uNjH8ub6F
15,{'spotify': 'https://open.spotify.com/artist/0F3Aew9DSd6fb6192K1K0Y'},"{'href': None, 'total': 267720}","['contemporary jazz', 'cool jazz', 'ecm-style jazz', 'jazz', 'jazz fusion', 'jazz piano']",https://api.spotify.com/v1/artists/0F3Aew9DSd6fb6192K1K0Y,0F3Aew9DSd6fb6192K1K0Y,"[{'height': 640, 'url': 'https://i.scdn.co/image/ab6761610000e5eb8757d081b1451ea9415230cb', 'width': 640}, {'height': 320, 'url': 'https://i.scdn.co/image/ab676161000051748757d081b1451ea9415230cb', 'width': 320}, {'height': 160, 'url': 'https://i.scdn.co/image/ab6761610000f1788757d081b1451ea9415230cb', 'width': 160}]",Keith Jarrett,57,artist,spotify:artist:0F3Aew9DSd6fb6192K1K0Y
16,{'spotify': 'https://open.spotify.com/artist/3GBPw9NK25X1Wt2OUvOwY3'},"{'href': None, 'total': 3242939}",['neo mellow'],https://api.spotify.com/v1/artists/3GBPw9NK25X1Wt2OUvOwY3,3GBPw9NK25X1Wt2OUvOwY3,"[{'height': 640, 'url': 'https://i.scdn.co/image/ab6761610000e5eb9555a0b3231117c8cde1fca7', 'width': 640}, {'height': 320, 'url': 'https://i.scdn.co/image/ab676161000051749555a0b3231117c8cde1fca7', 'width': 320}, {'height': 160, 'url': 'https://i.scdn.co/image/ab6761610000f1789555a0b3231117c8cde1fca7', 'width': 160}]",Jack Johnson,78,artist,spotify:artist:3GBPw9NK25X1Wt2OUvOwY3
17,{'spotify': 'https://open.spotify.com/artist/4HCwj3Nt6DTTmJCpHuQOeM'},"{'href': None, 'total': 12350}","['avant-garde jazz', 'contemporary jazz', 'cool jazz', 'ecm-style jazz', 'free improvisation', 'free jazz', 'jazz', 'jazz piano']",https://api.spotify.com/v1/artists/4HCwj3Nt6DTTmJCpHuQOeM,4HCwj3Nt6DTTmJCpHuQOeM,"[{'height': 1000, 'url': 'https://i.scdn.co/image/4c78cd761e589dea5278d6820f6abcbbce401685', 'width': 1000}, {'height': 640, 'url': 'https://i.scdn.co/image/3714e2f835ac6daf6ccd77254aff1cb4c095dd5b', 'width': 640}, {'height': 200, 'url': 'https://i.scdn.co/image/e1da79f7b197d48c6a72b061cc8ef76d810349ff', 'width': 200}, {'height': 64, 'url': 'https://i.scdn.co/image/c821536c4f1e663a8690818e2742cf12995843a0', 'width': 64}]",Paul Bley,35,artist,spotify:artist:4HCwj3Nt6DTTmJCpHuQOeM
18,{'spotify': 'https://open.spotify.com/artist/22KzEvCtrTGf9l6k7zFcdv'},"{'href': None, 'total': 33297}","['contemporary jazz', 'ecm-style jazz', 'indie jazz', 'jazz', 'jazz fusion', 'jazz piano', 'modern jazz piano', 'swedish jazz']",https://api.spotify.com/v1/artists/22KzEvCtrTGf9l6k7zFcdv,22KzEvCtrTGf9l6k7zFcdv,"[{'height': 640, 'url': 'https://i.scdn.co/image/ab6761610000e5eb55d801647c6e2528e701d1cb', 'width': 640}, {'height': 320, 'url': 'https://i.scdn.co/image/ab6761610000517455d801647c6e2528e701d1cb', 'width': 320}, {'height': 160, 'url': 'https://i.scdn.co/image/ab6761610000f17855d801647c6e2528e701d1cb', 'width': 160}]",Aaron Parks,42,artist,spotify:artist:22KzEvCtrTGf9l6k7zFcdv
19,{'spotify': 'https://open.spotify.com/artist/2jFZlvIea42ZvcCw4OeEdA'},"{'href': None, 'total': 291317}","['adult standards', 'big band', 'cool jazz', 'harlem renaissance', 'jazz', 'jazz piano', 'lounge', 'stride', 'swing', 'vocal jazz']",https://api.spotify.com/v1/artists/2jFZlvIea42ZvcCw4OeEdA,2jFZlvIea42ZvcCw4OeEdA,"[{'height': 848, 'url': 'https://i.scdn.co/image/4f5e6383a803df41153fd871f6d0d0af7b9f08a0', 'width': 722}, {'height': 752, 'url': 'https://i.scdn.co/image/cb1e9ef704a78904fce4a4b0c5e7f59d159d9015', 'width': 640}, {'height': 235, 'url': 'https://i.scdn.co/image/7dbe64be515462e33f16d183a71eac95e5d2425f', 'width': 200}, {'height': 75, 'url': 'https://i.scdn.co/image/7788a536ff839cf7cee7640aeb77fc233f2c0979', 'width': 64}]",Count Basie,65,artist,spotify:artist:2jFZlvIea42ZvcCw4OeEdA
20,{'spotify': 'https://open.spotify.com/artist/3OJGG2blZ0c3YTOMSKZaHj'},"{'href': None, 'total': 38232}","['contemporary jazz', 'cool jazz', 'ecm-style jazz', 'jazz', 'jazz fusion', 'jazz trio']",https://api.spotify.com/v1/artists/3OJGG2blZ0c3YTOMSKZaHj,3OJGG2blZ0c3YTOMSKZaHj,"[{'height': 640, 'url': 'https://i.scdn.co/image/ab67616d0000b2738e3ae60a8f1b9a5124c23ccc', 'width': 640}, {'height': 300, 'url': 'https://i.scdn.co/image/ab67616d00001e028e3ae60a8f1b9a5124c23ccc', 'width': 300}, {'height': 64, 'url': 'https://i.scdn.co/image/ab67616d000048518e3ae60a8f1b9a5124c23ccc', 'width': 64}]",Keith Jarrett Trio,51,artist,spotify:artist:3OJGG2blZ0c3YTOMSKZaHj
21,{'spotify': 'https://open.spotify.com/artist/0e5Rda7VQAY786739xp0Jt'},"{'href': None, 'total': 131683}",['social media pop'],https://api.spotify.com/v1/artists/0e5Rda7VQAY786739xp0Jt,0e5Rda7VQAY786739xp0Jt,"[{'height': 640, 'url': 'https://i.scdn.co/image/ab6761610000e5ebd41d9ebe2debc54ed9cf766a', 'width': 640}, {'height': 320, 'url': 'https://i.scdn.co/image/ab67616100005174d41d9ebe2debc54ed9cf766a', 'width': 320}, {'height': 160, 'url': 'https://i.scdn.co/image/ab6761610000f178d41d9ebe2debc54ed9cf766a', 'width': 160}]",Rare Americans,61,artist,spotify:artist:0e5Rda7VQAY786739xp0Jt
22,{'spotify': 'https://open.spotify.com/artist/0kbYTNQb4Pb1rPbbaF0pT4'},"{'href': None, 'total': 2187522}","['cool jazz', 'hard bop', 'jazz', 'jazz fusion', 'jazz trumpet']",https://api.spotify.com/v1/artists/0kbYTNQb4Pb1rPbbaF0pT4,0kbYTNQb4Pb1rPbbaF0pT4,"[{'height': 1000, 'url': 'https://i.scdn.co/image/423e826b3c1b23930a255d7cbc2daf733f795507', 'width': 1000}, {'height': 640, 'url': 'https://i.scdn.co/image/a318c54208af38364d131a54ced2416423696018', 'width': 640}, {'height': 200, 'url': 'https://i.scdn.co/image/8496e6ea230dd47311d85dcf860015792f5ada42', 'width': 200}, {'height': 64, 'url': 'https://i.scdn.co/image/b1af952a7fb8ac2c4467868d61b5752fc1a01cf0', 'width': 64}]",Miles Davis,65,artist,spotify:artist:0kbYTNQb4Pb1rPbbaF0pT4
23,{'spotify': 'https://open.spotify.com/artist/3rxeQlsv0Sc2nyYaZ5W71T'},"{'href': None, 'total': 772908}","['adult standards', 'cool jazz', 'jazz', 'jazz trumpet', 'lounge', 'vocal jazz']",https://api.spotify.com/v1/artists/3rxeQlsv0Sc2nyYaZ5W71T,3rxeQlsv0Sc2nyYaZ5W71T,"[{'height': 817, 'url': 'https://i.scdn.co/image/8fd767aa91ecd8e5720b424812e2a17586834ac2', 'width': 1000}, {'height': 523, 'url': 'https://i.scdn.co/image/baa4a09ca62a85dab5de4a8e9d635571b9cfac9d', 'width': 640}, {'height': 163, 'url': 'https://i.scdn.co/image/5c15cad68e6584825963e484deca44c12e118dfb', 'width': 199}, {'height': 52, 'url': 'https://i.scdn.co/image/ec483daff287cc9cdb4a42cfa5bcd350a50bd89a', 'width': 64}]",Chet Baker,66,artist,spotify:artist:3rxeQlsv0Sc2nyYaZ5W71T
24,{'spotify': 'https://open.spotify.com/artist/7tYKF4w9nC0nq9CsPZTHyP'},"{'href': None, 'total': 6309692}","['pop', 'r&b', 'rap']",https://api.spotify.com/v1/artists/7tYKF4w9nC0nq9CsPZTHyP,7tYKF4w9nC0nq9CsPZTHyP,"[{'height': 640, 'url': 'https://i.scdn.co/image/ab6761610000e5eb529f2198b3e9e77c0d5a665b', 'width': 640}, {'height': 320, 'url': 'https://i.scdn.co/image/ab67616100005174529f2198b3e9e77c0d5a665b', 'width': 320}, {'height': 160, 'url': 'https://i.scdn.co/image/ab6761610000f178529f2198b3e9e77c0d5a665b', 'width': 160}]",SZA,87,artist,spotify:artist:7tYKF4w9nC0nq9CsPZTHyP
25,{'spotify': 'https://open.spotify.com/artist/2YZyLoL8N0Wb9xBt1NhZWg'},"{'href': None, 'total': 18480600}","['conscious hip hop', 'hip hop', 'rap', 'west coast rap']",https://api.spotify.com/v1/artists/2YZyLoL8N0Wb9xBt1NhZWg,2YZyLoL8N0Wb9xBt1NhZWg,"[{'height': 640, 'url': 'https://i.scdn.co/image/ab6761610000e5ebaf159f008f57546e24846397', 'width': 640}, {'height': 320, 'url': 'https://i.scdn.co/image/ab67616100005174af159f008f57546e24846397', 'width': 320}, {'height': 160, 'url': 'https://i.scdn.co/image/ab6761610000f178af159f008f57546e24846397', 'width': 160}]",Kendrick Lamar,89,artist,spotify:artist:2YZyLoL8N0Wb9xBt1NhZWg
26,{'spotify': 'https://open.spotify.com/artist/3Y8rffZJZVJgNWMM6ZVGin'},"{'href': None, 'total': 2706}","['contemporary jazz', 'straight-ahead jazz']",https://api.spotify.com/v1/artists/3Y8rffZJZVJgNWMM6ZVGin,3Y8rffZJZVJgNWMM6ZVGin,"[{'height': 667, 'url': 'https://i.scdn.co/image/74057212b03587c7feba8d3bc7329df23120c5ee', 'width': 1000}, {'height': 427, 'url': 'https://i.scdn.co/image/70513077df05267ee44049b801d009c094c2bfc0', 'width': 640}, {'height': 133, 'url': 'https://i.scdn.co/image/4fd467398d0e20dc6f38d16b359f0d261dd944a3', 'width': 200}, {'height': 43, 'url': 'https://i.scdn.co/image/d42ab78b134926f299d7f5e691a8dc15aa3a1cf1', 'width': 64}]",Dayna Stephens,16,artist,spotify:artist:3Y8rffZJZVJgNWMM6ZVGin
27,{'spotify': 'https://open.spotify.com/artist/1dfeR4HaWDbWqFHLkxsg1d'},"{'href': None, 'total': 37224845}","['classic rock', 'glam rock', 'rock']",https://api.spotify.com/v1/artists/1dfeR4HaWDbWqFHLkxsg1d,1dfeR4HaWDbWqFHLkxsg1d,"[{'height': 806, 'url': 'https://i.scdn.co/image/b040846ceba13c3e9c125d68389491094e7f2982', 'width': 999}, {'height': 516, 'url': 'https://i.scdn.co/image/af2b8e57f6d7b5d43a616bd1e27ba552cd8bfd42', 'width': 640}, {'height': 161, 'url': 'https://i.scdn.co/image/c06971e9ff81696699b829484e3be165f4e64368', 'width': 200}, {'height': 52, 'url': 'https://i.scdn.co/image/6dd0ffd270903d1884edf9058c49f58b03db893d', 'width': 64}]",Queen,87,artist,spotify:artist:1dfeR4HaWDbWqFHLkxsg1d
28,{'spotify': 'https://open.spotify.com/artist/36kfddkWcVc6XrzNN9BsTP'},"{'href': None, 'total': 10530}","['contemporary jazz', 'jazz saxophone']",https://api.spotify.com/v1/artists/36kfddkWcVc6XrzNN9BsTP,36kfddkWcVc6XrzNN9BsTP,"[{'height': 666, 'url': 'https://i.scdn.co/image/b33c4a2e6dc0e3d94722ca931d5708d26b6fdca5', 'width': 1000}, {'height': 426, 'url': 'https://i.scdn.co/image/8c55864d1f3a7b2e7989d647e009abff16dcecd0', 'width': 640}, {'height': 133, 'url': 'https://i.scdn.co/image/f6efa7d9ea033d80b744e4bdbe7929affdb52f2f', 'width': 200}, {'height': 43, 'url': 'https://i.scdn.co/image/aea4a262a43aa344a8db4f6f4dc9d7aa51a2af3b', 'width': 64}]",Mark Turner,31,artist,spotify:artist:36kfddkWcVc6XrzNN9BsTP
29,{'spotify': 'https://open.spotify.com/artist/3rWZHrfrsPBxVy692yAIxF'},"{'href': None, 'total': 1729233}","['afrofuturism', 'dance pop', 'electropop', 'pop', 'post-teen pop']",https://api.spotify.com/v1/artists/3rWZHrfrsPBxVy692yAIxF,3rWZHrfrsPBxVy692yAIxF,"[{'height': 640, 'url': 'https://i.scdn.co/image/ab6761610000e5eb787b04112f1dbd7c8bce18b9', 'width': 640}, {'height': 320, 'url': 'https://i.scdn.co/image/ab67616100005174787b04112f1dbd7c8bce18b9', 'width': 320}, {'height': 160, 'url': 'https://i.scdn.co/image/ab6761610000f178787b04112f1dbd7c8bce18b9', 'width': 160}]",WILLOW,83,artist,spotify:artist:3rWZHrfrsPBxVy692yAIxF
30,{'spotify': 'https://open.spotify.com/artist/5WoWlP0ihSFIxnppxjwSgE'},"{'href': None, 'total': 218473}",['icelandic indie'],https://api.spotify.com/v1/artists/5WoWlP0ihSFIxnppxjwSgE,5WoWlP0ihSFIxnppxjwSgE,"[{'height': 640, 'url': 'https://i.scdn.co/image/ab6761610000e5eb076046c880745c7a4a9e489a', 'width': 640}, {'height': 320, 'url': 'https://i.scdn.co/image/ab67616100005174076046c880745c7a4a9e489a', 'width': 320}, {'height': 160, 'url': 'https://i.scdn.co/image/ab6761610000f178076046c880745c7a4a9e489a', 'width': 160}]",Low Roar,57,artist,spotify:artist:5WoWlP0ihSFIxnppxjwSgE
31,{'spotify': 'https://open.spotify.com/artist/7LOJ56d8VmOebynlV01KfU'},"{'href': None, 'total': 63548}","['banjo', 'bluegrass', 'bluegrass gospel', 'new americana', 'new england americana', 'progressive bluegrass']",https://api.spotify.com/v1/artists/7LOJ56d8VmOebynlV01KfU,7LOJ56d8VmOebynlV01KfU,"[{'height': 640, 'url': 'https://i.scdn.co/image/ab6761610000e5eb15107b78954f4e1f464c2082', 'width': 640}, {'height': 320, 'url': 'https://i.scdn.co/image/ab6761610000517415107b78954f4e1f464c2082', 'width': 320}, {'height': 160, 'url': 'https://i.scdn.co/image/ab6761610000f17815107b78954f4e1f464c2082', 'width': 160}]",Crooked Still,46,artist,spotify:artist:7LOJ56d8VmOebynlV01KfU
32,{'spotify': 'https://open.spotify.com/artist/0du5cEVh5yTK9QJze8zA0C'},"{'href': None, 'total': 34468901}","['dance pop', 'pop']",https://api.spotify.com/v1/artists/0du5cEVh5yTK9QJze8zA0C,0du5cEVh5yTK9QJze8zA0C,"[{'height': 640, 'url': 'https://i.scdn.co/image/ab6761610000e5ebdbbfc76f7c80126138dcd1a1', 'width': 640}, {'height': 320, 'url': 'https://i.scdn.co/image/ab67616100005174dbbfc76f7c80126138dcd1a1', 'width': 320}, {'height': 160, 'url': 'https://i.scdn.co/image/ab6761610000f178dbbfc76f7c80126138dcd1a1', 'width': 160}]",Bruno Mars,90,artist,spotify:artist:0du5cEVh5yTK9QJze8zA0C
33,{'spotify': 'https://open.spotify.com/artist/6qqNVTkY8uBg9cP3Jd7DAH'},"{'href': None, 'total': 50360404}","['electropop', 'pop']",https://api.spotify.com/v1/artists/6qqNVTkY8uBg9cP3Jd7DAH,6qqNVTkY8uBg9cP3Jd7DAH,"[{'height': 640, 'url': 'https://i.scdn.co/image/ab6761610000e5ebd8b9980db67272cb4d2c3daf', 'width': 640}, {'height': 320, 'url': 'https://i.scdn.co/image/ab67616100005174d8b9980db67272cb4d2c3daf', 'width': 320}, {'height': 160, 'url': 'https://i.scdn.co/image/ab6761610000f178d8b9980db67272cb4d2c3daf', 'width': 160}]",Billie Eilish,93,artist,spotify:artist:6qqNVTkY8uBg9cP3Jd7DAH
34,{'spotify': 'https://open.spotify.com/artist/6nxWCVXbOlEVRexSbLsTer'},"{'href': None, 'total': 2205502}","['australian dance', 'australian electropop', 'australian indie', 'downtempo', 'edm']",https://api.spotify.com/v1/artists/6nxWCVXbOlEVRexSbLsTer,6nxWCVXbOlEVRexSbLsTer,"[{'height': 640, 'url': 'https://i.scdn.co/image/ab6761610000e5ebaa6712affa299549ce628b6d', 'width': 640}, {'height': 320, 'url': 'https://i.scdn.co/image/ab67616100005174aa6712affa299549ce628b6d', 'width': 320}, {'height': 160, 'url': 'https://i.scdn.co/image/ab6761610000f178aa6712affa299549ce628b6d', 'width': 160}]",Flume,74,artist,spotify:artist:6nxWCVXbOlEVRexSbLsTer
35,{'spotify': 'https://open.spotify.com/artist/0IV9EI5sd2rlMEoAvDg70M'},"{'href': None, 'total': 280}",[],https://api.spotify.com/v1/artists/0IV9EI5sd2rlMEoAvDg70M,0IV9EI5sd2rlMEoAvDg70M,"[{'height': 640, 'url': 'https://i.scdn.co/image/ab67616d0000b273142a4a3205689f3b90a783c9', 'width': 640}, {'height': 300, 'url': 'https://i.scdn.co/image/ab67616d00001e02142a4a3205689f3b90a783c9', 'width': 300}, {'height': 64, 'url': 'https://i.scdn.co/image/ab67616d00004851142a4a3205689f3b90a783c9', 'width': 64}]",Noam Wiesenberg,3,artist,spotify:artist:0IV9EI5sd2rlMEoAvDg70M
36,{'spotify': 'https://open.spotify.com/artist/0gaASCUAMqvXxGFDYaNFca'},"{'href': None, 'total': 10267}","['contemporary jazz', 'jazz']",https://api.spotify.com/v1/artists/0gaASCUAMqvXxGFDYaNFca,0gaASCUAMqvXxGFDYaNFca,"[{'height': 640, 'url': 'https://i.scdn.co/image/ab6761610000e5ebfd5460ef17928a5b42f1d6b7', 'width': 640}, {'height': 320, 'url': 'https://i.scdn.co/image/ab67616100005174fd5460ef17928a5b42f1d6b7', 'width': 320}, {'height': 160, 'url': 'https://i.scdn.co/image/ab6761610000f178fd5460ef17928a5b42f1d6b7', 'width': 160}]",Ben Wendel,26,artist,spotify:artist:0gaASCUAMqvXxGFDYaNFca
37,{'spotify': 'https://open.spotify.com/artist/0z4gvV4rjIZ9wHck67ucSV'},"{'href': None, 'total': 2887474}",['dance pop'],https://api.spotify.com/v1/artists/0z4gvV4rjIZ9wHck67ucSV,0z4gvV4rjIZ9wHck67ucSV,"[{'height': 640, 'url': 'https://i.scdn.co/image/ab6761610000e5ebdcf05227f2b4483f1e356943', 'width': 640}, {'height': 320, 'url': 'https://i.scdn.co/image/ab67616100005174dcf05227f2b4483f1e356943', 'width': 320}, {'height': 160, 'url': 'https://i.scdn.co/image/ab6761610000f178dcf05227f2b4483f1e356943', 'width': 160}]",Akon,82,artist,spotify:artist:0z4gvV4rjIZ9wHck67ucSV
38,{'spotify': 'https://open.spotify.com/artist/1EpyA68dKpjf7jXmQL88Hy'},"{'href': None, 'total': 579958}","['alternative r&b', 'chicago rap', 'escape room', 'hip hop', 'indie soul', 'neo soul', 'underground hip hop']",https://api.spotify.com/v1/artists/1EpyA68dKpjf7jXmQL88Hy,1EpyA68dKpjf7jXmQL88Hy,"[{'height': 640, 'url': 'https://i.scdn.co/image/ab6761610000e5eb848dcca3aa9c107144949f39', 'width': 640}, {'height': 320, 'url': 'https://i.scdn.co/image/ab67616100005174848dcca3aa9c107144949f39', 'width': 320}, {'height': 160, 'url': 'https://i.scdn.co/image/ab6761610000f178848dcca3aa9c107144949f39', 'width': 160}]",Noname,60,artist,spotify:artist:1EpyA68dKpjf7jXmQL88Hy
39,{'spotify': 'https://open.spotify.com/artist/1HJHwWck1EY096ea2iPAHO'},"{'href': None, 'total': 104993}","['bebop', 'big band', 'cool jazz', 'hard bop', 'jazz', 'jazz fusion', 'jazz trumpet', 'soul jazz', 'stride', 'swing', 'vocal jazz']",https://api.spotify.com/v1/artists/1HJHwWck1EY096ea2iPAHO,1HJHwWck1EY096ea2iPAHO,"[{'height': 400, 'url': 'https://i.scdn.co/image/143442e601bb160cc58087c669ef199f4f7094ac', 'width': 400}, {'height': 200, 'url': 'https://i.scdn.co/image/34ea33365d65ed58d28336281a29d6f9f1d71595', 'width': 200}, {'height': 64, 'url': 'https://i.scdn.co/image/5f1eb6b6320f9150b013abb724cd240216d29245', 'width': 64}]",Clifford Brown,52,artist,spotify:artist:1HJHwWck1EY096ea2iPAHO
40,{'spotify': 'https://open.spotify.com/artist/40Yq4vzPs9VNUrIBG5Jr2i'},"{'href': None, 'total': 3537683}","['alternative metal', 'alternative rock', 'grunge', 'permanent wave', 'pop rock', 'rock']",https://api.spotify.com/v1/artists/40Yq4vzPs9VNUrIBG5Jr2i,40Yq4vzPs9VNUrIBG5Jr2i,"[{'height': 640, 'url': 'https://i.scdn.co/image/ab6761610000e5ebbe2f365d2999abe2cc48f6d3', 'width': 640}, {'height': 320, 'url': 'https://i.scdn.co/image/ab67616100005174be2f365d2999abe2cc48f6d3', 'width': 320}, {'height': 160, 'url': 'https://i.scdn.co/image/ab6761610000f178be2f365d2999abe2cc48f6d3', 'width': 160}]",The Smashing Pumpkins,74,artist,spotify:artist:40Yq4vzPs9VNUrIBG5Jr2i
41,{'spotify': 'https://open.spotify.com/artist/4YNvbaOaqp5pzC5US5t48k'},"{'href': None, 'total': 25012}","['avant-garde jazz', 'bebop', 'big band', 'contemporary jazz', 'cool jazz', 'free jazz', 'hard bop', 'jazz', 'jazz fusion', 'jazz saxophone', 'soul jazz', 'stride', 'vocal jazz']",https://api.spotify.com/v1/artists/4YNvbaOaqp5pzC5US5t48k,4YNvbaOaqp5pzC5US5t48k,"[{'height': 567, 'url': 'https://i.scdn.co/image/4e7a0fb8cfe940f7cb4c287793b7ebf3fdab6753', 'width': 720}, {'height': 504, 'url': 'https://i.scdn.co/image/a43a09eb03d2abe20694ac44b1207f6f92f5ab8b', 'width': 640}, {'height': 158, 'url': 'https://i.scdn.co/image/8d0b87b20e79585aef5dae68d908bf8887751afd', 'width': 200}, {'height': 50, 'url': 'https://i.scdn.co/image/e54eca0df079fe1d7d8982f17bbaf0cee8fb08d0', 'width': 63}]",Lee Konitz,47,artist,spotify:artist:4YNvbaOaqp5pzC5US5t48k
42,{'spotify': 'https://open.spotify.com/artist/5K4W6rqBFWDnAN6FQUkS6x'},"{'href': None, 'total': 15353943}","['chicago rap', 'rap']",https://api.spotify.com/v1/artists/5K4W6rqBFWDnAN6FQUkS6x,5K4W6rqBFWDnAN6FQUkS6x,"[{'height': 640, 'url': 'https://i.scdn.co/image/ab6761610000e5eb867008a971fae0f4d913f63a', 'width': 640}, {'height': 320, 'url': 'https://i.scdn.co/image/ab67616100005174867008a971fae0f4d913f63a', 'width': 320}, {'height': 160, 'url': 'https://i.scdn.co/image/ab6761610000f178867008a971fae0f4d913f63a', 'width': 160}]",Kanye West,96,artist,spotify:artist:5K4W6rqBFWDnAN6FQUkS6x
43,{'spotify': 'https://open.spotify.com/artist/1JyQazOFLLO3WfMaRglxnS'},"{'href': None, 'total': 635}","['tibetan pop', 'tibetan traditional']",https://api.spotify.com/v1/artists/1JyQazOFLLO3WfMaRglxnS,1JyQazOFLLO3WfMaRglxnS,"[{'height': 640, 'url': 'https://i.scdn.co/image/ab67616d0000b2737d0adacd8574e9e198be4434', 'width': 640}, {'height': 300, 'url': 'https://i.scdn.co/image/ab67616d00001e027d0adacd8574e9e198be4434', 'width': 300}, {'height': 64, 'url': 'https://i.scdn.co/image/ab67616d000048517d0adacd8574e9e198be4434', 'width': 64}]",Tibetan Institute Of Performing Arts,8,artist,spotify:artist:1JyQazOFLLO3WfMaRglxnS
44,{'spotify': 'https://open.spotify.com/artist/1anyVhU62p31KFi8MEzkbf'},"{'href': None, 'total': 5430926}","['chicago rap', 'conscious hip hop', 'hip hop', 'pop rap', 'rap']",https://api.spotify.com/v1/artists/1anyVhU62p31KFi8MEzkbf,1anyVhU62p31KFi8MEzkbf,"[{'height': 640, 'url': 'https://i.scdn.co/image/ab6761610000e5ebc654cd5b897dea358f9e3da1', 'width': 640}, {'height': 320, 'url': 'https://i.scdn.co/image/ab67616100005174c654cd5b897dea358f9e3da1', 'width': 320}, {'height': 160, 'url': 'https://i.scdn.co/image/ab6761610000f178c654cd5b897dea358f9e3da1', 'width': 160}]",Chance the Rapper,80,artist,spotify:artist:1anyVhU62p31KFi8MEzkbf
45,{'spotify': 'https://open.spotify.com/artist/20qISvAhX20dpIbOOzGK3q'},"{'href': None, 'total': 2548304}","['conscious hip hop', 'east coast hip hop', 'gangster rap', 'hardcore hip hop', 'hip hop', 'queens hip hop', 'rap']",https://api.spotify.com/v1/artists/20qISvAhX20dpIbOOzGK3q,20qISvAhX20dpIbOOzGK3q,"[{'height': 640, 'url': 'https://i.scdn.co/image/ab6761610000e5ebb62e7221d46b56e7feb8353a', 'width': 640}, {'height': 320, 'url': 'https://i.scdn.co/image/ab67616100005174b62e7221d46b56e7feb8353a', 'width': 320}, {'height': 160, 'url': 'https://i.scdn.co/image/ab6761610000f178b62e7221d46b56e7feb8353a', 'width': 160}]",Nas,77,artist,spotify:artist:20qISvAhX20dpIbOOzGK3q
46,{'spotify': 'https://open.spotify.com/artist/4jXfFzeP66Zy67HM2mvIIF'},"{'href': None, 'total': 502547}","['adult standards', 'bebop', 'cool jazz', 'hard bop', 'jazz', 'jazz fusion', 'jazz piano', 'vocal jazz']",https://api.spotify.com/v1/artists/4jXfFzeP66Zy67HM2mvIIF,4jXfFzeP66Zy67HM2mvIIF,"[{'height': 721, 'url': 'https://i.scdn.co/image/427eff99088d2a1be072a012f04e2406ee7cc24b', 'width': 1000}, {'height': 461, 'url': 'https://i.scdn.co/image/7a21999da5e80714ec222c493dae1c946f1bf36c', 'width': 639}, {'height': 144, 'url': 'https://i.scdn.co/image/6e8c0e19976c7011ad8029d7d48374c1e10d3d18', 'width': 200}, {'height': 46, 'url': 'https://i.scdn.co/image/52507da3472fda2d60f21a128eae6f629078df5c', 'width': 64}]",Bill Evans,65,artist,spotify:artist:4jXfFzeP66Zy67HM2mvIIF
47,{'spotify': 'https://open.spotify.com/artist/66MvLAvLznk5UOvASVGjk4'},"{'href': None, 'total': 105566}","['classical', 'classical performance', 'classical piano', 'latin american classical piano']",https://api.spotify.com/v1/artists/66MvLAvLznk5UOvASVGjk4,66MvLAvLznk5UOvASVGjk4,"[{'height': 640, 'url': 'https://i.scdn.co/image/ab6761610000e5eb66cd5da57e71a33da20de712', 'width': 640}, {'height': 320, 'url': 'https://i.scdn.co/image/ab6761610000517466cd5da57e71a33da20de712', 'width': 320}, {'height': 160, 'url': 'https://i.scdn.co/image/ab6761610000f17866cd5da57e71a33da20de712', 'width': 160}]",Martha Argerich,57,artist,spotify:artist:66MvLAvLznk5UOvASVGjk4
48,{'spotify': 'https://open.spotify.com/artist/1RjRHE0popjV7rhcHdp376'},"{'href': None, 'total': 20287}","['japanese vgm', 'sound team', 'video game music']",https://api.spotify.com/v1/artists/1RjRHE0popjV7rhcHdp376,1RjRHE0popjV7rhcHdp376,"[{'height': 640, 'url': 'https://i.scdn.co/image/ab67616d0000b2732472601180911ff89445cbc8', 'width': 640}, {'height': 300, 'url': 'https://i.scdn.co/image/ab67616d00001e022472601180911ff89445cbc8', 'width': 300}, {'height': 64, 'url': 'https://i.scdn.co/image/ab67616d000048512472601180911ff89445cbc8', 'width': 64}]",SIE Sound Team,51,artist,spotify:artist:1RjRHE0popjV7rhcHdp376
49,{'spotify': 'https://open.spotify.com/artist/0IyuDlCVbMa3TAoVaDKEeL'},"{'href': None, 'total': 10069}",['contemporary jazz'],https://api.spotify.com/v1/artists/0IyuDlCVbMa3TAoVaDKEeL,0IyuDlCVbMa3TAoVaDKEeL,"[{'height': 1000, 'url': 'https://i.scdn.co/image/06c0e5fc00346bc76367bf86d90758567a64b4f9', 'width': 1000}, {'height': 640, 'url': 'https://i.scdn.co/image/a853c234ed71831cfc9f2b143ae354aa5843993b', 'width': 640}, {'height': 200, 'url': 'https://i.scdn.co/image/d507b8e6a11ae4104bcdaa4a374b61c94de7f972', 'width': 200}, {'height': 64, 'url': 'https://i.scdn.co/image/67af9e61260b1c7b12ad702fd757a90f4d537f29', 'width': 64}]",Kendrick Scott Oracle,31,artist,spotify:artist:0IyuDlCVbMa3TAoVaDKEeL
